lat,lng,name,type
39.934378,-75.188873,Schuylkill Banks,NEIGHBORHOOD_PARK
39.943541,-75.186816,Schuylkill River Park,NEIGHBORHOOD_PARK
40.008421,-75.070309,Frankford Boat Launch,NEIGHBORHOOD_PARK
40.013018,-75.082201,Orthodox Street Park,NEIGHBORHOOD_PARK
40.046641,-75.230602,Wissahickon Valley Park,WATERSHED_PARK
39.952399,-75.16359,West Fairmount Park,WATERSHED_PARK
39.952399,-75.16359,Pennypack Park,WATERSHED_PARK
39.952399,-75.16359,East Fairmount Park,WATERSHED_PARK
39.952399,-75.16359,Tacony Creek Park,WATERSHED_PARK
39.918164,-75.171111,Franklin Delano Roosevelt Park,WATERSHED_PARK
40.015326,-75.155127,Hunting Park,REGIONAL_PARK
40.070248,-75.193335,Awbury Park and Recreation Center,NEIGHBORHOOD_PARK
40.043857,-75.126987,Fisher Park,NEIGHBORHOOD_PARK
39.905459,-75.24936,Eastwick Regional Playground,NEIGHBORHOOD_PARK
39.922137,-75.188053,29th and Passyunk Park,NEIGHBORHOOD_PARK
40.032992,-75.179961,Price Street Play Lot,POCKET_PARK
40.047617,-75.253919,Al Pearlman Sports Center,NEIGHBORHOOD_PARK
39.899503,-75.245681,82nd and Lyons Park,NEIGHBORHOOD_PARK
39.935809,-75.146165,Jose Manuel Collazo Park,NEIGHBORHOOD_PARK
39.948393,-75.219229,60th and Baltimore Park,POCKET_PARK
39.952399,-75.16359,Rainbow De Colores Playground,POCKET_PARK
39.963588,-75.157336,10th and Lemon Playground,POCKET_PARK
39.940425,-75.210562,47th and Grays Ferry Park,POCKET_PARK
40.010074,-75.144981,Butler and Percy Play Lot,POCKET_PARK
39.965481,-75.243562,Horton Street Play Lot,POCKET_PARK
39.953755,-75.193418,45th and Sansom Tot Lot,POCKET_PARK
39.961166,-75.145768,Lawrence Street Playground,POCKET_PARK
39.976393,-75.118161,Webb Street Play Lot,POCKET_PARK
40.025676,-75.031633,Pennypack on the Delaware,WATERSHED_PARK
40.090322,-75.069244,Fox Chase Farm,REGIONAL_PARK
39.976261,-75.270432,Morris Park,REGIONAL_PARK
40.089737,-74.984427,Walton Run,REGIONAL_PARK
40.057094,-75.002889,John F Byrne Golf Club,REGIONAL_PARK
40.066758,-75.002815,Joseph C Fluehr Memorial Park,REGIONAL_PARK
40.065761,-75.248086,Manatawna Farm,REGIONAL_PARK
40.028252,-75.152012,Wisters Woods Park,REGIONAL_PARK
40.056207,-75.012405,Wooden Bridge Run,REGIONAL_PARK
39.925578,-75.220988,Bartrams Garden,REGIONAL_PARK
40.02948,-75.056057,Wissinoming Park,REGIONAL_PARK
40.030116,-75.182876,Fernhill Park,REGIONAL_PARK
40.047617,-75.253919,Roxborough Reservoir Park,NEIGHBORHOOD_PARK
40.016461,-75.211865,Manayunk Canal,NEIGHBORHOOD_PARK
40.057801,-75.035927,Holme Crispin Park,NEIGHBORHOOD_PARK
40.018026,-75.051185,Disston Park,NEIGHBORHOOD_PARK
40.102423,-74.970145,Jim Junod Recreation Center,NEIGHBORHOOD_PARK
40.090731,-74.985183,Michael Palmer Playground,REGIONAL_PARK
39.984596,-75.181287,29th and Chalmers Playground,NEIGHBORHOOD_PARK
40.063262,-75.238638,Susan Gorgas Park,NEIGHBORHOOD_PARK
39.916522,-75.171148,Marconi Plaza,NEIGHBORHOOD_PARK
39.877853,-75.213339,Fort Mifflin,REGIONAL_PARK
39.916853,-75.228695,J Francis Finnegan Playground,NEIGHBORHOOD_PARK
40.068714,-75.077112,Lawncrest Recreation Center,NEIGHBORHOOD_PARK
40.069424,-75.206502,Pastorius Park,NEIGHBORHOOD_PARK
40.032022,-75.05384,Joseph F Vogt Playground,NEIGHBORHOOD_PARK
40.034224,-75.074866,American Legion Playground,NEIGHBORHOOD_PARK
40.050973,-75.000511,George Jacobs Playground,NEIGHBORHOOD_PARK
40.075109,-75.081725,Fox Chase Recreation Center,NEIGHBORHOOD_PARK
40.057094,-75.002889,Torresdale Recreation Center,NEIGHBORHOOD_PARK
40.066357,-75.163822,William B Simons Recreation Center,NEIGHBORHOOD_PARK
40.043857,-75.126987,Olney Recreation Center,NEIGHBORHOOD_PARK
40.047954,-75.146414,Wakefield Park,NEIGHBORHOOD_PARK
40.030047,-75.035314,Charles A Russo Playground,NEIGHBORHOOD_PARK
40.040685,-75.076237,Max Myers Playground,NEIGHBORHOOD_PARK
40.078229,-74.973123,Chalfont Playground,NEIGHBORHOOD_PARK
39.998823,-75.187598,Gustine Recreation Center,NEIGHBORHOOD_PARK
39.928846,-75.238403,Clarence H Clark Park,NEIGHBORHOOD_PARK
40.104803,-75.039129,William A Lackman Memorial Playground,NEIGHBORHOOD_PARK
40.021199,-75.082125,William (Billy) Gambrel Playground,NEIGHBORHOOD_PARK
39.901315,-75.248304,Eastwick Park,NEIGHBORHOOD_PARK
40.021199,-75.082125,Carmella A DiTizio Playground,NEIGHBORHOOD_PARK
40.059682,-75.045518,George C Pelbano Playground,NEIGHBORHOOD_PARK
40.033093,-75.231014,Germany Hill,NEIGHBORHOOD_PARK
40.050303,-75.064519,Thomas E Jardel Memorial Field,NEIGHBORHOOD_PARK
40.112292,-75.01806,Daniel Boyle Memorial Recreation Center,NEIGHBORHOOD_PARK
40.020071,-75.125651,Stenton Park,NEIGHBORHOOD_PARK
40.057151,-75.010274,Thomas Holme School Playground,NEIGHBORHOOD_PARK
40.074474,-75.201379,Water Tower Recreation Center,NEIGHBORHOOD_PARK
40.040047,-75.018683,James J Ramp Playground,NEIGHBORHOOD_PARK
39.894568,-75.246642,Pepper School Playground,NEIGHBORHOOD_PARK
40.083884,-74.988744,Elizabeth M Picariello Playground,NEIGHBORHOOD_PARK
39.99462,-75.15981,Reyburn Park,NEIGHBORHOOD_PARK
40.030047,-75.035314,Ronald Trumbette Playground,NEIGHBORHOOD_PARK
40.04328,-75.079167,Seymour Tarken Recreation Center,NEIGHBORHOOD_PARK
40.040073,-75.104633,Edward Houseman Playground,NEIGHBORHOOD_PARK
40.01992,-75.156349,Vernon Park,NEIGHBORHOOD_PARK
39.978967,-75.268293,Haddington-Marshall L Shepard Sr Recreation Center,NEIGHBORHOOD_PARK
39.968652,-75.125286,Penn Treaty Park,NEIGHBORHOOD_PARK
40.021472,-75.148532,Wingohocking Park,NEIGHBORHOOD_PARK
40.063262,-75.238638,W Freeland Kendrick Recreation Center,NEIGHBORHOOD_PARK
40.053483,-75.149869,Fanny Kemble Abolitionist Memorial Park,NEIGHBORHOOD_PARK
40.000402,-75.067418,Bridesburg Recreation Center,NEIGHBORHOOD_PARK
40.053484,-75.058283,Bradford Park,NEIGHBORHOOD_PARK
39.925853,-75.242605,Francis J Myers Recreation Center,NEIGHBORHOOD_PARK
40.11692,-75.012747,Somerton Woods,NEIGHBORHOOD_PARK
39.919692,-75.188374,Thomas B Smith Recreation Center,NEIGHBORHOOD_PARK
39.950144,-75.171774,Rittenhouse Square,NEIGHBORHOOD_PARK
40.01992,-75.156349,Loudoun Park,NEIGHBORHOOD_PARK
39.916404,-75.232423,Elmwood Park,NEIGHBORHOOD_PARK
40.01095,-75.186092,Harry S McDevitt Playground,NEIGHBORHOOD_PARK
39.951257,-75.179409,Washington Square,NEIGHBORHOOD_PARK
40.023373,-75.119987,Charles J Ziehler Playground,NEIGHBORHOOD_PARK
39.952399,-75.16359,Franklin Square,NEIGHBORHOOD_PARK
40.067902,-74.991714,Thomas Mitchell Playground,NEIGHBORHOOD_PARK
40.066019,-75.169598,Charles M Finley Playground,NEIGHBORHOOD_PARK
40.000268,-75.129971,Norris Square,NEIGHBORHOOD_PARK
40.120255,-75.03668,Tomlinson and Gifford Playground,NEIGHBORHOOD_PARK
39.994846,-75.118842,McPherson Square,NEIGHBORHOOD_PARK
40.048776,-75.133255,Morris Estate Cultural Center,NEIGHBORHOOD_PARK
39.99216,-75.12242,Sergeant John J McVeigh Recreation Center,NEIGHBORHOOD_PARK
39.953287,-75.224255,Malcolm X Memorial Park,NEIGHBORHOOD_PARK
39.998374,-75.10475,Joseph A Scanlon Playground,NEIGHBORHOOD_PARK
40.079083,-75.036758,Frank McArdle Memorial Recreation Center,NEIGHBORHOOD_PARK
40.014293,-75.104781,Boniface Piccoli Playground,NEIGHBORHOOD_PARK
40.051398,-75.07152,Mayfair Recreation Center,NEIGHBORHOOD_PARK
40.066777,-75.160831,Cliveden Park,NEIGHBORHOOD_PARK
40.042911,-75.123847,Helen G Sturgis Playground,NEIGHBORHOOD_PARK
40.070284,-75.240208,Jack Horgan Memorial Field at Old Line Park,NEIGHBORHOOD_PARK
40.029801,-75.127827,John L Barrett Playground,NEIGHBORHOOD_PARK
39.932557,-75.232141,John J McCreesh Sr Playground,NEIGHBORHOOD_PARK
39.973563,-75.209843,Carroll Park,NEIGHBORHOOD_PARK
39.899584,-75.253428,Clearview Park,NEIGHBORHOOD_PARK
39.952399,-75.16359,Ramonita Negron Rivera Recreation and Community Center,NEIGHBORHOOD_PARK
40.021702,-75.049367,Franklin Delano Roosevelt Playground,NEIGHBORHOOD_PARK
40.03889,-75.137169,A Albert Cherashore Playground,NEIGHBORHOOD_PARK
39.927107,-75.223371,George Connell Park,NEIGHBORHOOD_PARK
39.968559,-75.221083,West Mill Creek,NEIGHBORHOOD_PARK
40.049699,-75.160219,Lonnie Young Recreation Center of East Germantown,NEIGHBORHOOD_PARK
40.089737,-74.984427,Eileen Fitzpatrick Playground,NEIGHBORHOOD_PARK
40.004514,-75.146776,11th and Cecil B Moore Playground,NEIGHBORHOOD_PARK
40.04426,-75.16614,Waterview Recreation Center,NEIGHBORHOOD_PARK
39.992926,-75.0966,Cohocksink Recreation Center,NEIGHBORHOOD_PARK
40.017089,-75.188165,McMichael Park,NEIGHBORHOOD_PARK
39.974318,-75.153376,Stephen E Fotteral Square,NEIGHBORHOOD_PARK
39.91748,-75.165796,Lawrence E Murphy Recreation Center,NEIGHBORHOOD_PARK
39.995668,-75.114907,Harrowgate Park,NEIGHBORHOOD_PARK
39.923781,-75.236909,48th and Woodland Playground,NEIGHBORHOOD_PARK
39.952399,-75.16359,East Poplar Playground,NEIGHBORHOOD_PARK
39.952399,-75.16359,Narcissa S Cruz Recreation Center,NEIGHBORHOOD_PARK
40.057261,-75.047809,Holmesburg Recreation Center,NEIGHBORHOOD_PARK
40.018009,-75.048772,Lardners Point Park,NEIGHBORHOOD_PARK
39.976784,-75.119572,Frederick Cione Playground,NEIGHBORHOOD_PARK
40.054927,-75.184464,Pleasant Playground,NEIGHBORHOOD_PARK
39.973421,-75.136858,Athletic Recreation Center,NEIGHBORHOOD_PARK
40.045824,-75.251838,Ottinger Tract,NEIGHBORHOOD_PARK
40.02421,-75.165931,Happy Hollow Recreation Center,NEIGHBORHOOD_PARK
40.100229,-75.04321,CCA Baldi Playground,NEIGHBORHOOD_PARK
40.019875,-75.089718,Private Alfred J Simpson Memorial Recreation Center,NEIGHBORHOOD_PARK
39.970616,-75.123285,Reverend M Monkiewicz Recreation Center,NEIGHBORHOOD_PARK
39.97594,-75.240242,Ernest L Tustin Recreation Center,NEIGHBORHOOD_PARK
39.948049,-75.179157,Wharton Square,NEIGHBORHOOD_PARK
39.918833,-75.146547,Mifflin Square,NEIGHBORHOOD_PARK
40.041278,-75.155999,Belfield Recreation Center,NEIGHBORHOOD_PARK
40.020033,-75.084298,Overington Park,NEIGHBORHOOD_PARK
39.932622,-75.156026,Columbus Square,NEIGHBORHOOD_PARK
39.933905,-75.159775,Dr Nicola Capitolo Playground,NEIGHBORHOOD_PARK
39.929743,-75.17243,George A Vare Recreation Center,NEIGHBORHOOD_PARK
40.07695,-75.207985,Mount Airy Playground,NEIGHBORHOOD_PARK
40.031386,-75.233772,Hillside Recreation Center,NEIGHBORHOOD_PARK
39.920052,-75.185769,Stephen Girard Park,NEIGHBORHOOD_PARK
39.914875,-75.177228,Commodore John Barry Playground,NEIGHBORHOOD_PARK
40.023614,-75.035129,Senator William Vincent Mullin Playground,NEIGHBORHOOD_PARK
40.023909,-75.079746,Joseph C McIlvain Playground,NEIGHBORHOOD_PARK
40.008359,-75.144331,Marie Dendy Recreation Center,NEIGHBORHOOD_PARK
39.979938,-75.129881,Dan Shissler Recreation Center,NEIGHBORHOOD_PARK
39.933337,-75.14349,Solomon Sacks Playground,NEIGHBORHOOD_PARK
40.005996,-75.092163,Victor J Moss Memorial Field,NEIGHBORHOOD_PARK
40.068815,-75.158862,Daniel E Rumph II Recreation Center,NEIGHBORHOOD_PARK
40.077286,-75.169786,Dorothy Emanuel Recreation Center,NEIGHBORHOOD_PARK
39.969563,-75.166379,Francisville Recreation Center,NEIGHBORHOOD_PARK
39.977344,-75.214834,Sister Clara Muhammad Square,NEIGHBORHOOD_PARK
40.053483,-75.149869,Harpers Hollow Park,NEIGHBORHOOD_PARK
40.009329,-75.086876,Joseph Deni Recreation Center,NEIGHBORHOOD_PARK
40.00273,-75.174189,James Allen Shuler Playground,NEIGHBORHOOD_PARK
39.913049,-75.176407,Marian Anderson Recreation Center,NEIGHBORHOOD_PARK
39.929931,-75.150142,John Dickinson Square,NEIGHBORHOOD_PARK
40.025964,-75.041754,Disston Recreation Center,NEIGHBORHOOD_PARK
40.018724,-75.101724,Feltonville Recreation Center,NEIGHBORHOOD_PARK
39.952399,-75.16359,Walter Palumbo Recreation Center,NEIGHBORHOOD_PARK
39.952749,-75.232473,Albert W Christy Sr Recreation Center,NEIGHBORHOOD_PARK
39.933337,-75.14349,Jefferson Square,NEIGHBORHOOD_PARK
39.952399,-75.16359,East Poplar Field,NEIGHBORHOOD_PARK
39.919604,-75.221964,Lindbergh Park,NEIGHBORHOOD_PARK
39.908279,-75.247811,William A Cibotti Recreation Center,NEIGHBORHOOD_PARK
39.934248,-75.197532,Jacob Stinger Park,NEIGHBORHOOD_PARK
40.019875,-75.089718,Northwood Park,NEIGHBORHOOD_PARK
40.045101,-75.090989,Lower Mayfair Playground,NEIGHBORHOOD_PARK
39.967786,-75.12841,Pleasant Hill Park,REGIONAL_PARK
39.990956,-75.112073,Robert T Heitzman Recreation Center,NEIGHBORHOOD_PARK
39.991841,-75.139288,Fairhill Square,NEIGHBORHOOD_PARK
40.031724,-75.159942,Wister Playground,NEIGHBORHOOD_PARK
39.940299,-75.186696,Charles H Chew Sr Playground,NEIGHBORHOOD_PARK
39.935062,-75.194124,Donald P Finnegan Recreation Center,NEIGHBORHOOD_PARK
40.043128,-75.224582,Joseph V Kelly Memorial Playground,NEIGHBORHOOD_PARK
39.996508,-75.113526,Campbell Square,NEIGHBORHOOD_PARK
39.965143,-75.224064,Mill Creek Playground and Recreation Center,NEIGHBORHOOD_PARK
40.05819,-75.14414,Morton Playground,NEIGHBORHOOD_PARK
40.000822,-75.226062,Woodside Park,NEIGHBORHOOD_PARK
39.957328,-75.193913,Miles Mack Playground,NEIGHBORHOOD_PARK
40.030006,-75.186871,Cloverly Park,NEIGHBORHOOD_PARK
39.966642,-75.175555,Roberto Clemente Playground,NEIGHBORHOOD_PARK
40.002598,-75.099719,Juniata Park Older Adult Center,NEIGHBORHOOD_PARK
39.979726,-75.165844,Matthias Baldwin Park,NEIGHBORHOOD_PARK
39.976287,-75.226531,Conestoga Community Playground,NEIGHBORHOOD_PARK
39.974772,-75.133834,Dave Dougherty (Hetzell) Field,NEIGHBORHOOD_PARK
39.99195,-75.095726,Bernard Samuel Playground,NEIGHBORHOOD_PARK
40.021702,-75.049367,Frank JG Dorsey Memorial Playground,NEIGHBORHOOD_PARK
39.99187,-75.151159,12th and Cambria Playground,NEIGHBORHOOD_PARK
39.94669,-75.181643,Starr Garden Playground,NEIGHBORHOOD_PARK
40.005234,-75.092712,Womrath Park,NEIGHBORHOOD_PARK
39.912203,-75.175324,Thomas I Guerin Recreation Center,NEIGHBORHOOD_PARK
40.034099,-75.145772,Clarkson Park,NEIGHBORHOOD_PARK
39.941232,-75.150641,South Philadelphia Older Adult Center,NEIGHBORHOOD_PARK
40.028412,-75.222735,Pretzel Park,NEIGHBORHOOD_PARK
39.929072,-75.169311,A Giuseppe DiSilvestro Playground,NEIGHBORHOOD_PARK
39.983987,-75.138467,Penrose Memorial Playground,NEIGHBORHOOD_PARK
39.94669,-75.181643,Charles Seger Park,NEIGHBORHOOD_PARK
39.952399,-75.16359,Eric N Casiano Field,NEIGHBORHOOD_PARK
40.022934,-75.220404,Venice Island Performing Arts and Recreation Center,NEIGHBORHOOD_PARK
39.998917,-75.132171,Hancock Playground,NEIGHBORHOOD_PARK
39.957053,-75.245835,Howard Sayre Morris Recreation Center,NEIGHBORHOOD_PARK
39.92471,-75.149949,Reverend Edward P Burke Playground,NEIGHBORHOOD_PARK
40.032233,-75.182093,Kay Park,NEIGHBORHOOD_PARK
39.948393,-75.219229,Sherwood Park,NEIGHBORHOOD_PARK
40.022342,-75.159502,Howell Park,NEIGHBORHOOD_PARK
39.956974,-75.199608,Norman (Butch) Ellis Playground,NEIGHBORHOOD_PARK
40.000268,-75.129971,Michael J Towey Playground,NEIGHBORHOOD_PARK
39.971295,-75.127071,Fishtown Recreation Center,NEIGHBORHOOD_PARK
39.940492,-75.177981,Shot Tower Recreation Center,NEIGHBORHOOD_PARK
39.982766,-75.107888,Marian Winfield Hissey Recreation Center,NEIGHBORHOOD_PARK
40.034099,-75.145772,Shevchenko Park,NEIGHBORHOOD_PARK
40.002066,-75.132033,Jerome Brown Playground,NEIGHBORHOOD_PARK
39.911557,-75.150591,Ralph R Rizzo Sr Ice Rink,NEIGHBORHOOD_PARK
40.07695,-75.207985,Lovett Park,NEIGHBORHOOD_PARK
39.973421,-75.136858,30th and Jefferson Playground,NEIGHBORHOOD_PARK
40.008258,-75.168102,20th and Tioga Field,NEIGHBORHOOD_PARK
39.952399,-75.16359,Nelson M Herron Playground and Recreation Center,NEIGHBORHOOD_PARK
39.918532,-75.232494,Buist Park,NEIGHBORHOOD_PARK
39.981918,-75.122117,Black Coyle and McBride Playground,NEIGHBORHOOD_PARK
39.917281,-75.240394,Russell DeRitis Playground,NEIGHBORHOOD_PARK
40.032502,-75.221827,Fairview Park,NEIGHBORHOOD_PARK
39.938406,-75.163086,Hawthorne Cultural Center,NEIGHBORHOOD_PARK
40.07376,-75.197714,Winston Park,NEIGHBORHOOD_PARK
39.979173,-75.127357,Konrad Square,NEIGHBORHOOD_PARK
39.940492,-75.177981,Ridgway Park,NEIGHBORHOOD_PARK
40.031874,-75.053203,Lincoln Indoor Pool,NEIGHBORHOOD_PARK
40.048056,-75.192252,Woodward Pines,NEIGHBORHOOD_PARK
39.965556,-75.188925,33rd and Wallace Playground,NEIGHBORHOOD_PARK
39.966388,-75.251051,Ann P Nichols Park,NEIGHBORHOOD_PARK
39.938153,-75.153272,Weccacoe Square,NEIGHBORHOOD_PARK
40.053851,-75.017972,Frankford and Pennypack Park,NEIGHBORHOOD_PARK
39.98282,-75.108356,Colonel Thomas J Powers Park,NEIGHBORHOOD_PARK
39.932622,-75.156026,Gold Star Park,NEIGHBORHOOD_PARK
39.914602,-75.167874,Hawthorne Park,NEIGHBORHOOD_PARK
39.923843,-75.146693,East Passyunk Community Recreation Center,NEIGHBORHOOD_PARK
39.97907,-75.112264,Thomas P Stokley Recreation Center,NEIGHBORHOOD_PARK
39.948393,-75.219229,Cedar Park,NEIGHBORHOOD_PARK
39.981011,-75.134571,Waterloo Playground,NEIGHBORHOOD_PARK
39.901374,-75.239332,75th and Chelwynde Play Lot,NEIGHBORHOOD_PARK
39.967299,-75.137282,Tip Top Playground,NEIGHBORHOOD_PARK
39.967019,-75.134419,Palmer Park,NEIGHBORHOOD_PARK
39.981025,-75.111339,Trenton and Auburn Playground,NEIGHBORHOOD_PARK
39.924883,-75.173854,James Otis Ford Playground,NEIGHBORHOOD_PARK
39.957053,-75.245835,Ben Barkan Park,NEIGHBORHOOD_PARK
39.974667,-75.251513,Charles A Baker Playground,NEIGHBORHOOD_PARK
39.952399,-75.16359,8th and Diamond Playground,NEIGHBORHOOD_PARK
39.952399,-75.16359,Frank S Nelson Jr Memorial Recreation Center,NEIGHBORHOOD_PARK
39.946079,-75.169308,Fitler Square,NEIGHBORHOOD_PARK
39.960116,-75.17534,Vincent G Panati Playground,NEIGHBORHOOD_PARK
39.994309,-75.181898,Veterans Memorial Recreation Center of the Nineteenth Ward,NEIGHBORHOOD_PARK
40.00371,-75.181177,Heritage Park Playground,NEIGHBORHOOD_PARK
39.998347,-75.115107,Frank Glavin Playground,NEIGHBORHOOD_PARK
39.977486,-75.159855,Marie Winchester Playground,NEIGHBORHOOD_PARK
39.983577,-75.233851,Triangle Park,NEIGHBORHOOD_PARK
39.952399,-75.16359,Cianfrani Park,NEIGHBORHOOD_PARK
39.953321,-75.216416,Garden Court,NEIGHBORHOOD_PARK
39.960149,-75.196871,Clayborne and Lewis Playground,NEIGHBORHOOD_PARK
40.003931,-75.102517,Merritt Square,NEIGHBORHOOD_PARK
39.992028,-75.139707,Gerald J Maguire Playground,NEIGHBORHOOD_PARK
40.016604,-75.208334,Sabatino La Noce Park,NEIGHBORHOOD_PARK
39.939619,-75.156593,Mario Lanza Park,NEIGHBORHOOD_PARK
39.963576,-75.195945,37th and Mount Vernon Playground ,POCKET_PARK
39.963576,-75.195945,James L Wright Playground,NEIGHBORHOOD_PARK
39.981032,-75.125584,Hagert Street Playground,POCKET_PARK
39.915889,-75.168704,Mollbore Terrace Park,NEIGHBORHOOD_PARK
39.998374,-75.10475,Ramblers Recreation Center,NEIGHBORHOOD_PARK
39.950247,-75.15189,Philadelphia History Museum at the Atwater Kent,POCKET_PARK
40.013654,-75.080048,Wilmot Park,POCKET_PARK
39.993174,-75.163487,Anna M Ross Park,POCKET_PARK
39.952399,-75.16359,Emanuel Weinberg Park,POCKET_PARK
40.002066,-75.132033,Corporal George J Reed Jr Memorial Playground,POCKET_PARK
40.024942,-75.216706,Wissahickon Neighbors Playground,POCKET_PARK
39.898996,-75.1745,Louis I Kahn Park,POCKET_PARK
39.952399,-75.16359,Benson Park,POCKET_PARK
39.952399,-75.16359,Christ Church Park,POCKET_PARK
40.002066,-75.132033,John (Steve) Schmidt Playground,POCKET_PARK
39.943541,-75.186816,OConnor Pool,POCKET_PARK
39.94431,-75.150651,Delancey Park,NEIGHBORHOOD_PARK
39.944618,-75.180434,Edward Shippen Plaza (Bainbridge Green),POCKET_PARK
40.01992,-75.156349,Market Square Park,POCKET_PARK
40.062919,-75.083501,Northeast Lions Park,POCKET_PARK
40.012988,-75.083891,Hedge Street Park,POCKET_PARK
40.005729,-75.174545,Etting Park,POCKET_PARK
39.97303,-75.125288,Lederer Pool,POCKET_PARK
40.000532,-75.186871,Strawberry Mansion Playground,POCKET_PARK
39.931737,-75.181509,Julian Abele Park,POCKET_PARK
39.909246,-75.182899,Ralph Brooks Park,POCKET_PARK
40.01992,-75.156349,Gilbert Stuart Park,POCKET_PARK
40.016023,-75.153911,Nicetown Park,POCKET_PARK
40.059825,-75.150119,West Oak Lane Senior Center,POCKET_PARK
39.933337,-75.14349,Mummers Museum,POCKET_PARK
39.958852,-75.168781,Diamond Park,POCKET_PARK
39.952399,-75.16359,Ned Wolf Park,POCKET_PARK
39.952269,-75.144652,Betsy Ross House,POCKET_PARK
39.94819,-75.157675,Giuseppe Bardascino Park,POCKET_PARK
39.928768,-75.145814,Karen Donnelly Park,POCKET_PARK
39.952399,-75.16359,Thomas Hart Park,POCKET_PARK
39.977923,-75.139784,Montgomery and Croskey Play Lot,POCKET_PARK
39.939619,-75.156593,Frank Palumbo Sr Park,POCKET_PARK
40.025898,-75.12207,Hamilton Park,POCKET_PARK
40.086037,-75.23048,Charles J Buckley Park,POCKET_PARK
39.996481,-75.228792,John C Anderson Cultural Center,POCKET_PARK
39.974604,-75.194991,Mantua Community Garden,POCKET_PARK
39.952399,-75.16359,Madison War Memorial,POCKET_PARK
40.000216,-75.166575,22nd and Ontario Park,POCKET_PARK
39.932001,-75.154556,Louis P Paolone Sr Park,POCKET_PARK
39.952399,-75.16359,Daly Park,POCKET_PARK
39.952399,-75.16359,Beck Park,POCKET_PARK
39.957031,-75.176617,Coxe Park,POCKET_PARK
39.952399,-75.16359,Greble Post War Memorial,POCKET_PARK
39.922137,-75.188053,18th and Jackson War Memorial,POCKET_PARK
39.941937,-75.175168,22nd and Catharine Park,POCKET_PARK
40.026333,-75.219397,Boone Park,NEIGHBORHOOD_PARK
39.937567,-75.155601,I-95 Park,NEIGHBORHOOD_PARK
39.996508,-75.113526,General Casimir Pulaski Park,NEIGHBORHOOD_PARK
39.933273,-75.155423,Manton Street Park,POCKET_PARK
39.960116,-75.17534,Cecil B Moore Recreation Center,NEIGHBORHOOD_PARK
39.975175,-75.18071,Stiles Street Play Lot,POCKET_PARK
40.009852,-75.151013,Danny Boyle Community Park,POCKET_PARK
40.069586,-75.18992,Wissahickon East,NEIGHBORHOOD_PARK
39.95449,-75.180519,June 5th Memorial Park ,POCKET_PARK
39.95852,-75.165595,Ingersoll Park,NEIGHBORHOOD_PARK
40.066758,-75.002815,Glen Foerd on the Delaware,NEIGHBORHOOD_PARK
40.05811,-75.195254,Allens Lane Art Center,NEIGHBORHOOD_PARK
39.985964,-75.166098,Eric W (Hank) Gathers Jr Recreation Center,NEIGHBORHOOD_PARK
39.93015,-75.233674,Kingsessing Recreation Center,NEIGHBORHOOD_PARK
39.93905,-75.191662,William Lanier Park,NEIGHBORHOOD_PARK
39.961106,-75.137763,Northern Liberties Recreation Center,NEIGHBORHOOD_PARK
40.023614,-75.035129,Tacony Boat Launch,NEIGHBORHOOD_PARK
40.091048,-75.024212,Officer Robert Hayes Memorial Playground,NEIGHBORHOOD_PARK
39.938201,-75.198654,Grays Ferry Crescent,NEIGHBORHOOD_PARK
39.982766,-75.107888,Hope Park,NEIGHBORHOOD_PARK
39.934121,-75.163769,Titan Park,POCKET_PARK
39.922421,-75.148169,Emily Community Garden,POCKET_PARK
39.78373,-100.445882,Poquessing Creek Park,WATERSHED_PARK
39.952399,-75.16359,Benjamin Franklin Parkway,REGIONAL_PARK
39.96441,-75.176256,Reliance Triangle,POCKET_PARK
39.952399,-75.16359,Philadelphia Stars Negro League Memorial Park,POCKET_PARK
40.012542,-75.103155,Bristol Street Warehouse,NEIGHBORHOOD_PARK
39.952399,-75.16359,Cobbs Creek Park,WATERSHED_PARK
39.963576,-75.195945,John A Lee Cultural Center,NEIGHBORHOOD_PARK
40.068618,-75.088683,Burholme Park,REGIONAL_PARK
40.107338,-74.966396,Parkwood,NEIGHBORHOOD_PARK
39.952399,-75.16359,Ben-Gurion Place,POCKET_PARK
39.952399,-75.16359,Commerce Street Walk,POCKET_PARK
39.944597,-75.160284,Waverly Street Community Garden,POCKET_PARK
39.98142,-75.143132,3rd and Norris Playground,POCKET_PARK
39.93201,-75.160837,Howard and Reed Park,POCKET_PARK
39.947692,-75.160329,Sartain Garden,POCKET_PARK
39.947453,-75.187634,South Street Community Garden,POCKET_PARK
39.975228,-75.180206,Brewerytown Garden,POCKET_PARK
39.980329,-75.137294,Yorktown Commons,NEIGHBORHOOD_PARK
39.964621,-75.209344,Lucien E Blackwell Park,NEIGHBORHOOD_PARK
39.956792,-75.154075,Vine Street Park,NEIGHBORHOOD_PARK
39.78373,-100.445882,Fairmount Drainage Rights of Way,WATERSHED_PARK
40.030699,-75.171053,Morris and Penn Park,POCKET_PARK
39.980676,-75.223545,Peters Island,NEIGHBORHOOD_PARK
40.029601,-75.22581,Manayunk Bridge,NEIGHBORHOOD_PARK
40.043994,-75.246906,Ivy Ridge Greenway,NEIGHBORHOOD_PARK
39.982122,-75.184544,Dr Martin Luther King Jr Older Adult Center,POCKET_PARK
39.982122,-75.184544,Dr Martin Luther King Jr Recreation Center,NEIGHBORHOOD_PARK
40.034224,-75.074866,Devereaux Ave Trailhead at K and T Trail,POCKET_PARK
39.993341,-75.186272,31st and York Courts,POCKET_PARK
39.987213,-75.184026,31st and Cumberland Play Lot,POCKET_PARK
39.987213,-75.184026,31st and Huntingdon Play Lot,POCKET_PARK
39.913049,-75.176407,17th and Carpenter Play Lot,POCKET_PARK
39.918164,-75.171111,South Philadelphia High School Park,NEIGHBORHOOD_PARK
39.95852,-75.165595,Fletcher B Amos Playground,NEIGHBORHOOD_PARK
39.999106,-75.152459,25th and Dauphin District Headquarters,POCKET_PARK
39.999106,-75.152459,Sedgely and Fletcher Warehouse,NEIGHBORHOOD_PARK
40.056578,-75.046544,Fox Chase - Lorimer Trail Greenway (Rhawn),NEIGHBORHOOD_PARK
39.943295,-75.225049,Bartrams Mile Trail Greenway,NEIGHBORHOOD_PARK
40.045424,-75.083052,Loretto and Gilham Triangle,POCKET_PARK
39.959576,-75.153678,Rail Park,NEIGHBORHOOD_PARK
